Name;Duration;City;Category;Meeting point;Price;teasing1;teasing2;Instruction;;;;;;
Claude Merkli;20;Lausanne;Artistique;Place Saint Francois;100;vous soufflerez des bulles;vous soufflerez des bulles;Dirigez vous vers les portes saint francois et cherchez l'ensigne contenant le mot bulle;;;;;;
Colore ta vie;30;Lausanne;Artistique;Place Saint Francois;50;Vous redécorerez votre intérieur;Vous redécorerez votre intérieur;dirigez vous vers la rue de bourg et cherchez la façade bleu à l'enseigne dorée;;;;;;
Philippe K;60;Lausanne;Artistique;Place Saint Francois;300;vous sentirez bon;vous sentirez bon;Quelqu'un vous attend dans l'église, il a un veston gris.;;;;;;
Kydro;60;Lausanne;Artistique;Place Saint Francois;50;Un remake de ghost :);Un remake de ghost :);Entrez dans la limousine Tesla grise. Le chauffeur a un képi.;;;;;;
Graffiti course;100;Lausanne;Artistique;Place Saint Francois devant les portes de l'église;100;Ce soir vous allez adorer passer un petit moment sous les ponts ;Ca swiguera ;Quelqu'un vous attend dans l'église, il a un veston gris.;;;;;;
LOFT;20;Lausanne;Artistique;Place Saint Francois;50;on vous envoie au 7eme ciel;on vous envoie au 7eme ciel;Entrez dans le premier bar en sortant à gauche. Demandez un parapluie.;;;;;;
Melazic;110;Geneve;Artistique;Place Saint Francois;150;Vous redécorerez votre intérieur;Vous redécorerez votre intérieur;Entrez dans le premier bar en sortant à gauche. Demandez un parapluie.;;;;;;
Oh My cake;30;Geneve;Artistique;Place Saint Francois;50;vous sentirez bon;vous sentirez bon;Dirigez vous vers les portes saint francois et cherchez l'ensigne contenant le mot bulle;;;;;;
Ralph Kastl;40;Geneve;Artistique;Place Saint Francois;150;ce que la Thailande offre de meilleur;ce que la Thailande offre de meilleur;Entrez dans le premier bar en sortant à gauche. Demandez un parapluie.;;;;;;
Galerie HEHE;60;Geneve;Artistique;Place Saint Francois;150;Lady for a day, gentleman forever;Lady for a day, gentleman forever;Entrez dans le premier bar en sortant à gauche. Demandez un parapluie.;;;;;;
Bejart Ballet ;60;Lausanne;Concert;Place Saint Francois;150;vous soufflerez des bulles;vous soufflerez des bulles;Entrez dans le premier bar en sortant à gauche. Demandez un parapluie.;;;;;;
La Nuit des Musees de Lausanne et Pully;20;Lausanne;Concert;Place Saint Francois;50;Vous redécorerez votre intérieur;Vous redécorerez votre intérieur;Dirigez vous vers les portes saint francois et cherchez l'ensigne contenant le mot bulle;;;;;;
Lausanne Underground Film & Music Festival;20;Lausanne;Concert;Place Saint Francois;300;vous sentirez bon;vous sentirez bon;dirigez vous vers la rue de bourg et cherchez la façade bleu à l'enseigne dorée;;;;;;
La datcha;30;Geneve;Concert;Place Saint Francois;50;pour les fondus de sensations;pour les fondus de sensations;Dirigez vous vers les portes saint francois et cherchez l'ensigne contenant le mot bulle;;;;;;
Mi Bar (Chinatown);20;Geneve;Foodie;Place Saint Francois;250;on vous envoie au 7eme ciel;on vous envoie au 7eme ciel;Entrez dans la limousine Tesla grise. Le chauffeur a un képi.;;;;;;
coin café;60;Lausanne;Foodie;Place Saint Francois;100;pour les fondus de sensations;to be or not to be;cherchez le resto de la rue du Flon;;;;;;
Le street Kitchen;60;Lausanne;Foodie;Place Saint Francois;100;On n’y fume plus;NYC en Romandie;dirigez vous vers la rue de bourg et cherchez la façade bleu à l'enseigne dorée;;;;;;
Non solo;60;Lausanne;Foodie;Place Saint Francois;100;On n’y fume plus;NYC en Romandie;Dirigez vous vers Chauderon et stoppez à la facade verte;;;;;;
Fondation de l'Hermitage;60;Lausanne;Culture;Place Saint Francois;150;vous ne vous en sortirez jamais;vous ne vous en sortirez jamais;Entrez dans la limousine Tesla grise. Le chauffeur a un képi.;;;;;;
Au Couscous - belly dance performance;60;Lausanne;Sport;Place Saint Francois;250;un diner ? Ca dépend !;un diner ? Ca dépend !;Entrez dans le premier bar en sortant à gauche. Demandez un parapluie.;;;;;;
Deekay;60;Morges;Sport;Place Saint Francois;250;pour les fondus de sensations;pour les fondus de sensations;Entrez dans le premier bar en sortant à gauche. Demandez un parapluie.;;;;;;
Alia Salsa School;40;Renens;Sport;Place Saint Francois;250;comme un poisson dans l'eau;comme un poisson dans l'eau;Dirigez vous vers les portes saint francois et cherchez l'ensigne contenant le mot bulle;;;;;;
Sport2gether;100;Crissier;Sport;Place Saint Francois;150;pour les fondus de sensations;pour les fondus de sensations;dirigez vous vers la rue de bourg et cherchez la façade bleu à l'enseigne dorée;;;;;;
The Door Game;90;Lausanne;Divertissante;Place Saint Francois;50;vous ne vous en sortirez jamais;vous ne vous en sortirez jamais;Entrez dans le premier bar en sortant à gauche. Demandez un parapluie.;;;;;;
Jazz concert;50;Lausanne;Divertissante;Place Saint Francois;100;Ca swiguera ;Ca swiguera ;Entrez dans la limousine Tesla grise. Le chauffeur a un képi.;;;;;;
Lac souterrain de Saint Leonard;100;Lausanne;Divertissante;Place Saint Francois;200;Après la musique de chambre, la musique de cave;Après la musique de chambre, la musique de cave;Entrez dans le premier bar en sortant à gauche. Demandez un parapluie.;;;;;;
Orchestre de chambre de Lausanne;100;Lausanne;Divertissante;Place Saint Francois;150;une symphonie;une symphonie;Quelqu'un vous attend dans l'église, il a un veston gris.;;;;;;
Théâtre La Grange de Dorigny;50;Lausanne;Divertissante;Place Saint Francois;150;to be or not to be;to be or not to be;Entrez dans le premier bar en sortant à gauche. Demandez un parapluie.;;;;;;
CPO (Centre pluriculturel et social d'ouchy);70;Lausanne;Divertissante;Place Saint Francois;200;showtime !;showtime !;Dirigez vous vers les portes saint francois et cherchez l'ensigne contenant le mot bulle;;;;;;
Les faux nez;120;Lausanne;Divertissante;Place Saint Francois;200;bienvenue en 1905;bienvenue en 1906;dirigez vous vers la rue de bourg et cherchez la façade bleu à l'enseigne dorée;;;;;;
Les docks;80;Geneve;Divertissante;Place Saint Francois;300;vous soufflerez des bulles;vous soufflerez des bulles;Entrez dans la limousine Tesla grise. Le chauffeur a un képi.;;;;;;
Théâtre de Vidy;80;Geneve;Divertissante;Place Saint Francois;50;bienvenue en 1905;bienvenue en 1906;Dirigez vous vers les portes saint francois et cherchez l'ensigne contenant le mot bulle;;;;;;
57° Grill;60;Lausanne;Foodie;Place Saint Francois;150;A 57° de chaleur;A 57° de chaleur;Allez vers le port au grand chateau, entrez dedans;;;;;;
Al Sacco;60;Lausanne;Foodie;Place Saint Francois;100;Comme Mamma;Comme Mamma;cherchez le resto de la rue du Flon;;;;;;
Artea bubble tea;60;Lausanne;Foodie;Place Saint Francois;100;Un Thé qui se mange;Un Thé qui se mange;Dirigez vous vers Chauderon et stoppez à la facade verte;;;;;;
Au Couscous;60;Lausanne;Foodie;Place Saint Francois;100;Comme Ali baba;Comme Ali baba;Entrez dans le premier bar en sortant à gauche. Demandez un parapluie.;;;;;;
Bagatelle;60;Lausanne;Foodie;Place Saint Francois;200;Comme au bon vieux temps lausannois;Comme au bon vieux temps lausannois;Dirigez vous vers les portes saint francois et cherchez l'ensigne contenant le mot bulle;;;;;;
Bagel on the way;60;Lausanne;Foodie;Place Saint Francois;200;NYC en Romandie;NYC en Romandie;dirigez vous vers la rue de bourg et cherchez la façade bleu à l'enseigne dorée;;;;;;
Bamee bistro;60;Lausanne;Foodie;Place Saint Francois;100;Le vietnam en romandie;comme un poisson dans l'eau;Quelqu'un vous attend dans l'église, il a un veston gris.;;;;;;
Banh mi Olimy;60;Lausanne;Foodie;Place Saint Francois;50;Un sandwich inhabituel;bonjour soleil;Allez vers le port au grand chateau, entrez dedans;;;;;;
Bar du beau rivage;60;Lausanne;Foodie;Place Saint Francois;100;Une vue à couper le souffle ! Ou êtes vous ?;une symphonie;prenez le métro et arretez vous à Ouchy Olympique. Longez le lac en direction du musée olympique. Demandez un parapluie au bar du beau rivage  ;;;;;;
Bar Tabac;60;Lausanne;Foodie;Place Saint Francois;100;On n’y fume plus;la tete dans les étoiles;Dirigez vous vers Chauderon et stoppez à la facade verte;;;;;;
Barbe rousse;60;Lausanne;Foodie;Place Saint Francois;100;pour les fondus de sensations;to be or not to be;Entrez dans la limousine Tesla grise. Le chauffeur a un képi.;;;;;;
Beau Rivage palace;60;Lausanne;Foodie;Place Saint Francois;150;comme un poisson dans l'eau;showtime !;Entrez dans le premier bar en sortant à gauche. Demandez un parapluie.;;;;;;
Blackbird;60;Lausanne;Foodie;Place Saint Francois;100;A 57° de chaleur;pour les fondus de sensations;Dirigez vous vers les portes saint francois et cherchez l'ensigne contenant le mot bulle;;;;;;
Bottle brothers;60;Lausanne;Foodie;Place Saint Francois;100;Comme Mamma;comme un poisson dans l'eau;dirigez vous vers la rue de bourg et cherchez la façade bleu à l'enseigne dorée;;;;;;
Brasserie des trois rois;60;Lausanne;Foodie;Place Saint Francois;100;Un Thé qui se mange;A 57° de chaleur;Quelqu'un vous attend dans l'église, il a un veston gris.;;;;;;
Brasserie Montbenon;60;Lausanne;Foodie;Place Saint Francois;100;Comme Ali baba;Comme Mamma;Entrez dans la limousine Tesla grise. Le chauffeur a un képi.;;;;;;
Café des artisans;60;Lausanne;Foodie;Place Saint Francois;100;Comme au bon vieux temps lausannois;Un Thé qui se mange;Entrez dans le premier bar en sortant à gauche. Demandez un parapluie.;;;;;;
Café des bouchers;60;Lausanne;Foodie;Place Saint Francois;150;NYC en Romandie;Comme Ali baba;Dirigez vous vers les portes saint francois et cherchez l'ensigne contenant le mot bulle;;;;;;
Café Enning;60;Lausanne;Foodie;Place Saint Francois;200;Le vietnam en romandie;Comme au bon vieux temps lausannois;dirigez vous vers la rue de bourg et cherchez la façade bleu à l'enseigne dorée;;;;;;
Café Mood;60;Lausanne;Foodie;Place Saint Francois;200;Un sandwich inhabituel;NYC en Romandie;Quelqu'un vous attend dans l'église, il a un veston gris.;;;;;;
Caffè Bellini;60;Lausanne;Foodie;Place Saint Francois;200;Une vue à couper le souffle ! Ou êtes vous ?;comme un poisson dans l'eau;Entrez dans la limousine Tesla grise. Le chauffeur a un képi.;;;;;;
Caffè Strada;60;Lausanne;Foodie;Place Saint Francois;200;On n’y fume plus;bonjour soleil;Entrez dans le premier bar en sortant à gauche. Demandez un parapluie.;;;;;;
Château d'Ouchy;60;Lausanne;Foodie;Place Saint Francois;150;Une vue à couper le souffle ! Ou êtes vous ?;une symphonie;Dirigez vous vers les portes saint francois et cherchez l'ensigne contenant le mot bulle;;;;;;
Chez nous quoi;60;Lausanne;Foodie;Place Saint Francois;50;On n’y fume plus;la tete dans les étoiles;Allez vers le port au grand chateau, entrez dedans;;;;;;
Cote Jardin;60;Lausanne;Foodie;Place Saint Francois;150;comme un poisson dans l'eau;showtime !;Dirigez vous vers Chauderon et stoppez à la facade verte;;;;;;
Crazy wolf;60;Lausanne;Foodie;Place Saint Francois;100;A 57° de chaleur;pour les fondus de sensations;Entrez dans le premier bar en sortant à gauche. Demandez un parapluie.;;;;;;
Cucina 41;60;Lausanne;Foodie;Place Saint Francois;100;Comme Mamma;comme un poisson dans l'eau;Dirigez vous vers les portes saint francois et cherchez l'ensigne contenant le mot bulle;;;;;;
Culture café;60;Lausanne;Foodie;Place Saint Francois;100;Un Thé qui se mange;A 57° de chaleur;dirigez vous vers la rue de bourg et cherchez la façade bleu à l'enseigne dorée;;;;;;
Cuppin's;60;Lausanne;Foodie;Place Saint Francois;100;Comme Ali baba;Comme Mamma;Quelqu'un vous attend dans l'église, il a un veston gris.;;;;;;
Donutime;60;Lausanne;Foodie;Place Saint Francois;100;Comme au bon vieux temps lausannois;Un Thé qui se mange;Allez vers le port au grand chateau, entrez dedans;;;;;;
Duke's;60;Lausanne;Foodie;Place Saint Francois;100;NYC en Romandie;Comme Ali baba;cherchez le resto de la rue du Flon;;;;;;
Eat me;60;Lausanne;Foodie;Place Saint Francois;100;Le vietnam en romandie;Comme au bon vieux temps lausannois;Dirigez vous vers Chauderon et stoppez à la facade verte;;;;;;
El Gato;60;Lausanne;Foodie;Place Saint Francois;100;Un sandwich inhabituel;NYC en Romandie;Entrez dans la limousine Tesla grise. Le chauffeur a un képi.;;;;;;
El Gaucho;60;Lausanne;Foodie;Place Saint Francois;200;Une vue à couper le souffle ! Ou êtes vous ?;Un Thé qui se mange;Entrez dans le premier bar en sortant à gauche. Demandez un parapluie.;;;;;;
Eligo;60;Lausanne;Foodie;Place Saint Francois;200;On n’y fume plus;Comme Ali baba;Dirigez vous vers les portes saint francois et cherchez l'ensigne contenant le mot bulle;;;;;;
Friends café;60;Lausanne;Foodie;Place Saint Francois;200;Une vue à couper le souffle ! Ou êtes vous ?;Comme au bon vieux temps lausannois;dirigez vous vers la rue de bourg et cherchez la façade bleu à l'enseigne dorée;;;;;;
GeA Gelateria;60;Lausanne;Foodie;Place Saint Francois;200;On n’y fume plus;NYC en Romandie;Quelqu'un vous attend dans l'église, il a un veston gris.;;;;;;
Instant B;60;Lausanne;Foodie;Place Saint Francois;200;pour les fondus de sensations;comme un poisson dans l'eau;Entrez dans la limousine Tesla grise. Le chauffeur a un képi.;;;;;;
jetée de la compagnie;60;Lausanne;Foodie;Place Saint Francois;50;comme un poisson dans l'eau;bonjour soleil;Entrez dans le premier bar en sortant à gauche. Demandez un parapluie.;;;;;;
Keyann Bistro libanais;60;Lausanne;Foodie;Place Saint Francois;100;A 57° de chaleur;une symphonie;Allez vers le port au grand chateau, entrez dedans;;;;;;
KR En Faim;60;Lausanne;Foodie;Place Saint Francois;150;Comme Mamma;la tete dans les étoiles;cherchez le resto de la rue du Flon;;;;;;
L'a-t-e-t-l-i-e-r;60;Lausanne;Foodie;Place Saint Francois;100;Un Thé qui se mange;to be or not to be;Dirigez vous vers Chauderon et stoppez à la facade verte;;;;;;
L'abordage saint sulpice;60;Lausanne;Foodie;Place Saint Francois;100;Comme Ali baba;showtime !;Entrez dans le premier bar en sortant à gauche. Demandez un parapluie.;;;;;;
L'assise : resturant and yoga classes;60;Lausanne;Foodie;Place Saint Francois;100;Comme au bon vieux temps lausannois;pour les fondus de sensations;Dirigez vous vers les portes saint francois et cherchez l'ensigne contenant le mot bulle;;;;;;
L'etoile blanche;60;Lausanne;Foodie;Place Saint Francois;100;NYC en Romandie;comme un poisson dans l'eau;dirigez vous vers la rue de bourg et cherchez la façade bleu à l'enseigne dorée;;;;;;
L'Ulivo;60;Lausanne;Foodie;Place Saint Francois;100;Le vietnam en romandie;A 57° de chaleur;Quelqu'un vous attend dans l'église, il a un veston gris.;;;;;;
La brasserie du château;60;Lausanne;Foodie;Place Saint Francois;100;Un sandwich inhabituel;Comme Mamma;Allez vers le port au grand chateau, entrez dedans;;;;;;
La couronne d'or;60;Lausanne;Foodie;Place Saint Francois;100;Une vue à couper le souffle ! Ou êtes vous ?;Un Thé qui se mange;cherchez le resto de la rue du Flon;;;;;;
La Folie Voltaire;60;Lausanne;Foodie;Place Saint Francois;150;On n’y fume plus;Comme Ali baba;Dirigez vous vers Chauderon et stoppez à la facade verte;;;;;;
la galicienne;60;Lausanne;Foodie;Place Saint Francois;200;Une vue à couper le souffle ! Ou êtes vous ?;Comme au bon vieux temps lausannois;Entrez dans la limousine Tesla grise. Le chauffeur a un képi.;;;;;;
La Grappe d'or;60;Lausanne;Foodie;Place Saint Francois;200;On n’y fume plus;NYC en Romandie;Entrez dans le premier bar en sortant à gauche. Demandez un parapluie.;;;;;;
La luncheonette;60;Lausanne;Foodie;Place Saint Francois;200;pour les fondus de sensations;comme un poisson dans l'eau;Dirigez vous vers les portes saint francois et cherchez l'ensigne contenant le mot bulle;;;;;;
La mise en bière;60;Lausanne;Foodie;Place Saint Francois;200;comme un poisson dans l'eau;bonjour soleil;dirigez vous vers la rue de bourg et cherchez la façade bleu à l'enseigne dorée;;;;;;
La pinte Besson;60;Lausanne;Foodie;Place Saint Francois;200;A 57° de chaleur;une symphonie;Quelqu'un vous attend dans l'église, il a un veston gris.;;;;;;
La poesia;60;Lausanne;Foodie;Place Saint Francois;50;Comme Mamma;Un Thé qui se mange;Entrez dans la limousine Tesla grise. Le chauffeur a un képi.;;;;;;
La Pomme de Pin;60;Lausanne;Foodie;Place Saint Francois;100;Un Thé qui se mange;Comme Ali baba;Entrez dans le premier bar en sortant à gauche. Demandez un parapluie.;;;;;;
La route de la soie;60;Lausanne;Foodie;Place Saint Francois;150;Comme Ali baba;Comme au bon vieux temps lausannois;Allez vers le port au grand chateau, entrez dedans;;;;;;
La Table d'Edgard;60;Lausanne;Foodie;Place Saint Francois;100;Comme au bon vieux temps lausannois;NYC en Romandie;cherchez le resto de la rue du Flon;;;;;;
Le bosphore;60;Lausanne;Foodie;Place Saint Francois;100;NYC en Romandie;comme un poisson dans l'eau;Dirigez vous vers Chauderon et stoppez à la facade verte;;;;;;
Le café de Grancy;60;Lausanne;Foodie;Place Saint Francois;100;Le vietnam en romandie;bonjour soleil;Entrez dans le premier bar en sortant à gauche. Demandez un parapluie.;;;;;;
Le café de l'évêché;60;Lausanne;Foodie;Place Saint Francois;100;Un sandwich inhabituel;une symphonie;Dirigez vous vers les portes saint francois et cherchez l'ensigne contenant le mot bulle;;;;;;
Le café de l'hôtel de ville;60;Lausanne;Foodie;Place Saint Francois;100;Une vue à couper le souffle ! Ou êtes vous ?;la tete dans les étoiles;dirigez vous vers la rue de bourg et cherchez la façade bleu à l'enseigne dorée;;;;;;
Le café du Grütli;60;Lausanne;Foodie;Place Saint Francois;100;On n’y fume plus;to be or not to be;Quelqu'un vous attend dans l'église, il a un veston gris.;;;;;;
Le café Romand;60;Lausanne;Foodie;Place Saint Francois;100;Une vue à couper le souffle ! Ou êtes vous ?;showtime !;Allez vers le port au grand chateau, entrez dedans;;;;;;
Le cinq;60;Lausanne;Foodie;Place Saint Francois;100;On n’y fume plus;pour les fondus de sensations;cherchez le resto de la rue du Flon;;;;;;
Le fraisier;60;Lausanne;Foodie;Place Saint Francois;200;pour les fondus de sensations;comme un poisson dans l'eau;Dirigez vous vers Chauderon et stoppez à la facade verte;;;;;;
Le jacky's;60;Lausanne;Foodie;Place Saint Francois;200;comme un poisson dans l'eau;A 57° de chaleur;Entrez dans la limousine Tesla grise. Le chauffeur a un képi.;;;;;;
Le Java;60;Lausanne;Foodie;Place Saint Francois;200;A 57° de chaleur;Comme Mamma;Entrez dans le premier bar en sortant à gauche. Demandez un parapluie.;;;;;;
Le kiosque saint françois;60;Lausanne;Foodie;Place Saint Francois;200;Comme Mamma;Un Thé qui se mange;Dirigez vous vers les portes saint francois et cherchez l'ensigne contenant le mot bulle;;;;;;
le lacustre;60;Lausanne;Foodie;Place Saint Francois;200;Un Thé qui se mange;Comme Ali baba;dirigez vous vers la rue de bourg et cherchez la façade bleu à l'enseigne dorée;;;;;;
Le mexicana;60;Lausanne;Foodie;Place Saint Francois;50;Comme Ali baba;Comme au bon vieux temps lausannois;Quelqu'un vous attend dans l'église, il a un veston gris.;;;;;;
Le P'tit bar;60;Lausanne;Foodie;Place Saint Francois;150;Comme au bon vieux temps lausannois;NYC en Romandie;Entrez dans la limousine Tesla grise. Le chauffeur a un képi.;;;;;;
Le Pavillon;60;Lausanne;Foodie;Place Saint Francois;150;NYC en Romandie;comme un poisson dans l'eau;Entrez dans le premier bar en sortant à gauche. Demandez un parapluie.;;;;;;
Le petit bœuf;60;Lausanne;Foodie;Place Saint Francois;100;Le vietnam en romandie;bonjour soleil;Allez vers le port au grand chateau, entrez dedans;;;;;;
Le Pointu;60;Lausanne;Foodie;Place Saint Francois;100;Un sandwich inhabituel;une symphonie;cherchez le resto de la rue du Flon;;;;;;
Le prince d'égypte;60;Lausanne;Foodie;Place Saint Francois;100;Une vue à couper le souffle ! Ou êtes vous ?;Un Thé qui se mange;Dirigez vous vers Chauderon et stoppez à la facade verte;;;;;;
Le Saint Pierre;60;Lausanne;Foodie;Place Saint Francois;100;On n’y fume plus;Comme Ali baba;Entrez dans le premier bar en sortant à gauche. Demandez un parapluie.;;;;;;
Le Sémaphore;60;Lausanne;Foodie;Place Saint Francois;100;Une vue à couper le souffle ! Ou êtes vous ?;Comme au bon vieux temps lausannois;Dirigez vous vers les portes saint francois et cherchez l'ensigne contenant le mot bulle;;;;;;
Le Vieux Lausanne;60;Lausanne;Foodie;Place Saint Francois;100;pour les fondus de sensations;comme un poisson dans l'eau;Quelqu'un vous attend dans l'église, il a un veston gris.;;;;;;
Les Alliés;60;Lausanne;Foodie;Place Saint Francois;100;comme un poisson dans l'eau;bonjour soleil;Allez vers le port au grand chateau, entrez dedans;;;;;;
Les boucaniers;60;Lausanne;Foodie;Place Saint Francois;200;A 57° de chaleur;une symphonie;cherchez le resto de la rue du Flon;;;;;;
Les Grande Roches;60;Lausanne;Foodie;Place Saint Francois;200;Comme Mamma;la tete dans les étoiles;Dirigez vous vers Chauderon et stoppez à la facade verte;;;;;;
Loom;60;Lausanne;Foodie;Place Saint Francois;200;Un Thé qui se mange;to be or not to be;Entrez dans la limousine Tesla grise. Le chauffeur a un képi.;;;;;;
Luigia;60;Lausanne;Foodie;Place Saint Francois;200;Comme Ali baba;showtime !;Entrez dans le premier bar en sortant à gauche. Demandez un parapluie.;;;;;;
Marterey n°56;60;Lausanne;Foodie;Place Saint Francois;200;Comme au bon vieux temps lausannois;pour les fondus de sensations;Dirigez vous vers les portes saint francois et cherchez l'ensigne contenant le mot bulle;;;;;;
Marutcha;60;Lausanne;Foodie;Place Saint Francois;50;NYC en Romandie;comme un poisson dans l'eau;dirigez vous vers la rue de bourg et cherchez la façade bleu à l'enseigne dorée;;;;;;
Mauro traiteur;60;Lausanne;Foodie;Place Saint Francois;100;Le vietnam en romandie;A 57° de chaleur;Quelqu'un vous attend dans l'église, il a un veston gris.;;;;;;
Meat: La bouche qui rit;60;Lausanne;Foodie;Place Saint Francois;150;Un sandwich inhabituel;Comme Mamma;Entrez dans la limousine Tesla grise. Le chauffeur a un képi.;;;;;;
MYO;60;Lausanne;Foodie;Place Saint Francois;100;Une vue à couper le souffle ! Ou êtes vous ?;Un Thé qui se mange;Entrez dans le premier bar en sortant à gauche. Demandez un parapluie.;;;;;;
Nandanam;60;Lausanne;Foodie;Place Saint Francois;100;On n’y fume plus;Comme Ali baba;Allez vers le port au grand chateau, entrez dedans;;;;;;
Nolf;60;Lausanne;Foodie;Place Saint Francois;150;Une vue à couper le souffle ! Ou êtes vous ?;Comme au bon vieux temps lausannois;cherchez le resto de la rue du Flon;;;;;;
Non solo;60;Lausanne;Foodie;Place Saint Francois;100;pour les fondus de sensations;comme un poisson dans l'eau;Entrez dans le premier bar en sortant à gauche. Demandez un parapluie.;;;;;;
Nouri fine food;60;Lausanne;Foodie;Place Saint Francois;100;comme un poisson dans l'eau;bonjour soleil;Dirigez vous vers les portes saint francois et cherchez l'ensigne contenant le mot bulle;;;;;;
Pancs;60;Lausanne;Foodie;Place Saint Francois;100;A 57° de chaleur;une symphonie;dirigez vous vers la rue de bourg et cherchez la façade bleu à l'enseigne dorée;;;;;;
Pibar;60;Lausanne;Foodie;Place Saint Francois;100;Comme Mamma;Un Thé qui se mange;Quelqu'un vous attend dans l'église, il a un veston gris.;;;;;;
plant smart;60;Lausanne;Foodie;Place Saint Francois;200;Un Thé qui se mange;Comme Ali baba;Allez vers le port au grand chateau, entrez dedans;;;;;;
Restaurant du theatre;60;Lausanne;Foodie;Place Saint Francois;200;Comme Ali baba;Comme au bon vieux temps lausannois;cherchez le resto de la rue du Flon;;;;;;
Rhino feroce;60;Lausanne;Foodie;Place Saint Francois;200;Comme au bon vieux temps lausannois;NYC en Romandie;Dirigez vous vers Chauderon et stoppez à la facade verte;;;;;;
Royal Savoy sky lounge;60;Lausanne;Foodie;Place Saint Francois;200;NYC en Romandie;comme un poisson dans l'eau;Entrez dans la limousine Tesla grise. Le chauffeur a un képi.;;;;;;
Saladerie IUM;60;Lausanne;Foodie;Place Saint Francois;150;Le vietnam en romandie;bonjour soleil;Entrez dans le premier bar en sortant à gauche. Demandez un parapluie.;;;;;;
Sleepy Bear;60;Lausanne;Foodie;Place Saint Francois;50;Un sandwich inhabituel;une symphonie;Dirigez vous vers les portes saint francois et cherchez l'ensigne contenant le mot bulle;;;;;;
Slice pizza;60;Lausanne;Foodie;Place Saint Francois;100;Une vue à couper le souffle ! Ou êtes vous ?;la tete dans les étoiles;dirigez vous vers la rue de bourg et cherchez la façade bleu à l'enseigne dorée;;;;;;
Sucré salé;60;Lausanne;Foodie;Place Saint Francois;150;On n’y fume plus;to be or not to be;Quelqu'un vous attend dans l'église, il a un veston gris.;;;;;;
Sud Restaurant;60;Lausanne;Foodie;Place Saint Francois;100;Une vue à couper le souffle ! Ou êtes vous ?;showtime !;Entrez dans la limousine Tesla grise. Le chauffeur a un képi.;;;;;;
Ta cave;60;Lausanne;Foodie;Place Saint Francois;100;On n’y fume plus;pour les fondus de sensations;Entrez dans le premier bar en sortant à gauche. Demandez un parapluie.;;;;;;
Takinoa;60;Lausanne;Foodie;Place Saint Francois;100;pour les fondus de sensations;comme un poisson dans l'eau;Allez vers le port au grand chateau, entrez dedans;;;;;;
Thai au lac;60;Lausanne;Foodie;Place Saint Francois;100;comme un poisson dans l'eau;A 57° de chaleur;cherchez le resto de la rue du Flon;;;;;;
The great escape;60;Lausanne;Foodie;Place Saint Francois;100;A 57° de chaleur;Comme Mamma;Dirigez vous vers Chauderon et stoppez à la facade verte;;;;;;
the green van company;60;Lausanne;Foodie;Place Saint Francois;100;Comme Mamma;Un Thé qui se mange;Entrez dans le premier bar en sortant à gauche. Demandez un parapluie.;;;;;;
The Olympic Museum (TOM);60;Lausanne;Foodie;Place Saint Francois;100;Un Thé qui se mange;Comme Ali baba;Dirigez vous vers les portes saint francois et cherchez l'ensigne contenant le mot bulle;;;;;;
Tramezzini Bar;60;Lausanne;Foodie;Place Saint Francois;150;Comme Ali baba;Comme au bon vieux temps lausannois;dirigez vous vers la rue de bourg et cherchez la façade bleu à l'enseigne dorée;;;;;;
Veganopolis café;60;Lausanne;Foodie;Place Saint Francois;200;Comme au bon vieux temps lausannois;NYC en Romandie;Quelqu'un vous attend dans l'église, il a un veston gris.;;;;;;
Végé café;60;Lausanne;Foodie;Place Saint Francois;200;NYC en Romandie;comme un poisson dans l'eau;Allez vers le port au grand chateau, entrez dedans;;;;;;
Vintage Wine Bar;60;Lausanne;Foodie;Place Saint Francois;200;Le vietnam en romandie;bonjour soleil;cherchez le resto de la rue du Flon;;;;;;
wawa's;60;Lausanne;Foodie;Place Saint Francois;200;Un sandwich inhabituel;une symphonie;Dirigez vous vers Chauderon et stoppez à la facade verte;;;;;;
Zoo Burger;60;Lausanne;Foodie;Place Saint Francois;200;Une vue à couper le souffle ! Ou êtes vous ?;Un Thé qui se mange;Entrez dans la limousine Tesla grise. Le chauffeur a un képi.;;;;;;
domaine de chantemerle;60;Lausanne;Foodie;Place Saint Francois;50;On n’y fume plus;Comme Ali baba;Entrez dans le premier bar en sortant à gauche. Demandez un parapluie.;;;;;;
Shangri-la à la table de vallotton;60;Lausanne;Foodie;Place Saint Francois;150;Une vue à couper le souffle ! Ou êtes vous ?;Comme au bon vieux temps lausannois;Dirigez vous vers les portes saint francois et cherchez l'ensigne contenant le mot bulle;;;;;;
Aux fleurs de la terre;60;Lausanne;Foodie;Place Saint Francois;150;On n’y fume plus;NYC en Romandie;dirigez vous vers la rue de bourg et cherchez la façade bleu à l'enseigne dorée;;;;;;
Shangri-la WTC;60;Lausanne;Foodie;Place Saint Francois;100;pour les fondus de sensations;comme un poisson dans l'eau;Quelqu'un vous attend dans l'église, il a un veston gris.;;;;;;
hong Yan;60;Lausanne;Foodie;Place Saint Francois;100;comme un poisson dans l'eau;bonjour soleil;Entrez dans la limousine Tesla grise. Le chauffeur a un képi.;;;;;;
L'esquisse;60;Lausanne;Foodie;Place Saint Francois;150;A 57° de chaleur;une symphonie;Entrez dans le premier bar en sortant à gauche. Demandez un parapluie.;;;;;;
Poco Loco;60;Lausanne;Foodie;Place Saint Francois;150;Comme Mamma;la tete dans les étoiles;Allez vers le port au grand chateau, entrez dedans;;;;;;
Abyssinia;60;Lausanne;Foodie;Place Saint Francois;150;Un Thé qui se mange;to be or not to be;cherchez le resto de la rue du Flon;;;;;;
L'AO;60;Lausanne;Foodie;Place Saint Francois;100;Comme Ali baba;showtime !;Dirigez vous vers Chauderon et stoppez à la facade verte;;;;;;
Perbacco;60;Lausanne;Foodie;Place Saint Francois;100;Comme au bon vieux temps lausannois;pour les fondus de sensations;Entrez dans le premier bar en sortant à gauche. Demandez un parapluie.;;;;;;
Osteria Balsamico;60;Lausanne;Foodie;Place Saint Francois;150;NYC en Romandie;comme un poisson dans l'eau;Dirigez vous vers les portes saint francois et cherchez l'ensigne contenant le mot bulle;;;;;;
Pasta e Sfizi;60;Lausanne;Foodie;Place Saint Francois;150;Le vietnam en romandie;A 57° de chaleur;dirigez vous vers la rue de bourg et cherchez la façade bleu à l'enseigne dorée;;;;;;
Le Ticino;60;Lausanne;Foodie;Place Saint Francois;200;Un sandwich inhabituel;Comme Mamma;Quelqu'un vous attend dans l'église, il a un veston gris.;;;;;;
Côté Jardin;60;Lausanne;Foodie;Place Saint Francois;200;Une vue à couper le souffle ! Ou êtes vous ?;Un Thé qui se mange;Allez vers le port au grand chateau, entrez dedans;;;;;;
Broadway avenue;60;Lausanne;Foodie;Place Saint Francois;200;On n’y fume plus;Comme Ali baba;cherchez le resto de la rue du Flon;;;;;;
Parfum d'épices;70;Lausanne;Fun;Place Saint Francois;100;un diner ? Ca dépend !;un diner ? Ca dépend !;Dirigez vous vers les portes saint francois et cherchez l'ensigne contenant le mot bulle;;;;;;
Meal in hot air balloon;40;Lausanne;Fun;Place Saint Francois;300;on vous envoie au 7eme ciel;on vous envoie au 7eme ciel;Dirigez vous vers les portes saint francois et cherchez l'ensigne contenant le mot bulle;;;;;;
Helicopter for a dinner at tour de gourze;70;Lausanne;Fun;Place Saint Francois;150;pour les fondus de sensations;pour les fondus de sensations;dirigez vous vers la rue de bourg et cherchez la façade bleu à l'enseigne dorée;;;;;;
Private visit at Aquatis;50;Lausanne;Fun;Place Saint Francois;100;comme un poisson dans l'eau;comme un poisson dans l'eau;Quelqu'un vous attend dans l'église, il a un veston gris.;;;;;;
Bobiskuit;50;Lausanne;Fun;Place Saint Francois;100;showtime !;showtime !;Entrez dans le premier bar en sortant à gauche. Demandez un parapluie.;;;;;;
Laederach;80;Geneve;Fun;Place Saint Francois;300;comme un poisson dans l'eau;comme un poisson dans l'eau;dirigez vous vers la rue de bourg et cherchez la façade bleu à l'enseigne dorée;;;;;;
Lausanne Photo Studio;70;Geneve;Fun;Place Saint Francois;50;une symphonie;une symphonie;Dirigez vous vers les portes saint francois et cherchez l'ensigne contenant le mot bulle;;;;;;
Roman ruins & museum - Lausonna;40;Geneve;Culture;Place Saint Francois;200;Après la musique de chambre, la musique de cave;Après la musique de chambre, la musique de cave;Quelqu'un vous attend dans l'église, il a un veston gris.;;;;;;
Botanical gardens;40;Lausanne;Nature;Place Saint Francois;250;Un remake de ghost :);Un remake de ghost :);Quelqu'un vous attend dans l'église, il a un veston gris.;;;;;;
Bodhi Thai Herbal Spa;100;Lausanne;Relaxante;Place Saint Francois;100;ce que la Thailande offre de meilleur;ce que la Thailande offre de meilleur;dirigez vous vers la rue de bourg et cherchez la façade bleu à l'enseigne dorée;;;;;;
Private yoga session;20;Lausanne;Relaxante;Place Saint Francois;250;bonjour soleil;bonjour soleil;Entrez dans la limousine Tesla grise. Le chauffeur a un képi.;;;;;;
Pure Fish SPA;50;Lausanne;Relaxante;Place Saint Francois;150;Après la musique de chambre, la musique de cave;Après la musique de chambre, la musique de cave;Entrez dans la limousine Tesla grise. Le chauffeur a un képi.;;;;;;
LaSpaSuite;80;Geneve;Relaxante;Place Saint Francois;150;bonjour soleil;bonjour soleil;Quelqu'un vous attend dans l'église, il a un veston gris.;;;;;;
K's Fashion studio Lausanne;80;Geneve;Relaxante;Place Saint Francois;50;la tete dans les étoiles;la tete dans les étoiles;dirigez vous vers la rue de bourg et cherchez la façade bleu à l'enseigne dorée;;;;;;
Method Meryem;70;Geneve;Relaxante;Place Saint Francois;50;to be or not to be;to be or not to be;Quelqu'un vous attend dans l'église, il a un veston gris.;;;;;;
Espace beauté Eau Marine;20;Morges;Relaxante;Place Saint Francois;300;bonjour soleil;bonjour soleil;dirigez vous vers la rue de bourg et cherchez la façade bleu à l'enseigne dorée;;;;;;
Institut Maryligne;90;Lausanne;Relaxante;Place Saint Francois;100;comme un poisson dans l'eau;comme un poisson dans l'eau;Longez la rue qui monte vers le centre ville et sonnez au 2 avenue de l'Elysée;;;;;;
CGN Belle Epoque;90;Lausanne;Romantique;Place Saint Francois;150;bienvenue en 1905;bienvenue en 1906;Quelqu'un vous attend dans l'église, il a un veston gris.;;;;;;
Night in amazing property;70;Lausanne;Romantique;Place Saint Francois;250;Lady for a day, gentleman forever;Lady for a day, gentleman forever;dirigez vous vers la rue de bourg et cherchez la façade bleu à l'enseigne dorée;;;;;;
Star gazing at Lausanne;120;Lausanne;Romantique;Place Saint Francois;50;la tete dans les étoiles;la tete dans les étoiles;Entrez dans la limousine Tesla grise. Le chauffeur a un képi.;;;;;;
La Vaudoise;60;Lausanne;Romantique;Place Saint Francois;50;ce que la Thailande offre de meilleur;ce que la Thailande offre de meilleur;Dirigez vous vers les portes saint francois et cherchez l'ensigne contenant le mot bulle;;;;;;
Book a boat;70;Lausanne;Romantique;Place Saint Francois;100;Lady for a day, gentleman forever;Lady for a day, gentleman forever;Dirigez vous vers les portes saint francois et cherchez l'ensigne contenant le mot bulle;;;;;;
PADDLE-CENTER.CH;120;Geneve;Sport;Place Saint Francois;250;Un remake de ghost :);Un remake de ghost :);dirigez vous vers la rue de bourg et cherchez la façade bleu à l'enseigne dorée;;;;;;
Pedalino;60;Geneve;Sport;Place Saint Francois;50;vous ne vous en sortirez jamais;vous ne vous en sortirez jamais;Quelqu'un vous attend dans l'église, il a un veston gris.;;;;;;
Pedalino;30;Geneve;Sport;Place Saint Francois;200;un diner ? Ca dépend !;un diner ? Ca dépend !;Entrez dans la limousine Tesla grise. Le chauffeur a un képi.;;;;;;
Escrime beaulieu;90;Geneve;Sport;Place Saint Francois;200;showtime !;showtime !;Entrez dans la limousine Tesla grise. Le chauffeur a un képi.;;;;;;
Plouf plongée;90;Morges;Sport;Place Saint Francois;50;une symphonie;une symphonie;Quelqu'un vous attend dans l'église, il a un veston gris.;;;;;;
Deep Turtle;40;Pully;Sport;Place Saint Francois;50;la tete dans les étoiles;la tete dans les étoiles;Entrez dans la limousine Tesla grise. Le chauffeur a un képi.;;;;;;
Grimper.ch;50;Pully;Sport;Place Saint Francois;150;to be or not to be;to be or not to be;Entrez dans le premier bar en sortant à gauche. Demandez un parapluie.;;;;;;
Maui diving centre;40;Echandens;Sport;Place Saint Francois;250;showtime !;showtime !;Dirigez vous vers les portes saint francois et cherchez l'ensigne contenant le mot bulle;;;;;;
Book a boat;20;Lausanne;Sport;Place Saint Francois;50;une symphonie;une symphonie;dirigez vous vers la rue de bourg et cherchez la façade bleu à l'enseigne dorée;;;;;;
Book a boat;30;Lausanne;Sport;Place Saint Francois;250;la tete dans les étoiles;la tete dans les étoiles;Quelqu'un vous attend dans l'église, il a un veston gris.;;;;;;
Book a boat;120;Lausanne;Sport;Place Saint Francois;300;to be or not to be;to be or not to be;Entrez dans la limousine Tesla grise. Le chauffeur a un képi.;;;;;;
